{
  "world": {
    "dims": [
      600,
      600
    ],
    "bts": 0.01,
    "gravity": 200,
    "defaults": {
      "density": 1,
      "friction": 0.5,
      "elasticity": 0.5,
      "color": "black",
      "bk_color": "white"
    },
    "objects": {
      "Object1": {
        "name": "Object1",
        "polys": [
          [
            [
              247.06826956201522,
              147.8636390634466
            ],
            [
              332.0682695620152,
              216.8636390634466
            ],
            [
              370.0682695620152,
              190.8636390634466
            ]
          ],
          [
            [
              247.06826956201522,
              147.8636390634466
            ],
            [
              370.0682695620152,
              190.8636390634466
            ],
            [
              395.0682695620152,
              167.8636390634466
            ]
          ],
          [
            [
              247.06826956201522,
              147.8636390634466
            ],
            [
              395.0682695620152,
              167.8636390634466
            ],
            [
              400.0682695620152,
              104.86363906344661
            ]
          ],
          [
            [
              247.06826956201522,
              147.8636390634466
            ],
            [
              400.0682695620152,
              104.86363906344661
            ],
            [
              399.0682695620152,
              46.86363906344661
            ]
          ],
          [
            [
              247.06826956201522,
              147.8636390634466
            ],
            [
              399.0682695620152,
              46.86363906344661
            ],
            [
              336.0682695620152,
              7.8636390634466125
            ]
          ],
          [
            [
              171.06826956201522,
              218.8636390634466
            ],
            [
              247.06826956201522,
              147.8636390634466
            ],
            [
              336.0682695620152,
              7.8636390634466125
            ]
          ],
          [
            [
              171.06826956201522,
              218.8636390634466
            ],
            [
              336.0682695620152,
              7.8636390634466125
            ],
            [
              267.0682695620152,
              -1.1363609365533875
            ]
          ],
          [
            [
              171.06826956201522,
              218.8636390634466
            ],
            [
              267.0682695620152,
              -1.1363609365533875
            ],
            [
              221.06826956201522,
              3.8636390634466125
            ]
          ],
          [
            [
              171.06826956201522,
              218.8636390634466
            ],
            [
              221.06826956201522,
              3.8636390634466125
            ],
            [
              200.06826956201522,
              13.863639063446612
            ]
          ],
          [
            [
              171.06826956201522,
              218.8636390634466
            ],
            [
              200.06826956201522,
              13.863639063446612
            ],
            [
              173.06826956201522,
              37.86363906344661
            ]
          ],
          [
            [
              171.06826956201522,
              218.8636390634466
            ],
            [
              173.06826956201522,
              37.86363906344661
            ],
            [
              149.06826956201522,
              67.86363906344661
            ]
          ],
          [
            [
              171.06826956201522,
              218.8636390634466
            ],
            [
              149.06826956201522,
              67.86363906344661
            ],
            [
              146.06826956201522,
              96.86363906344661
            ]
          ],
          [
            [
              171.06826956201522,
              218.8636390634466
            ],
            [
              146.06826956201522,
              96.86363906344661
            ],
            [
              150.06826956201522,
              122.86363906344661
            ]
          ],
          [
            [
              171.06826956201522,
              218.8636390634466
            ],
            [
              150.06826956201522,
              122.86363906344661
            ],
            [
              152.06826956201522,
              151.8636390634466
            ]
          ]
        ],
        "color": "black",
        "density": 0,
        "elasticity": "0.5",
        "friction": "0.5",
        "type": "Compound"
      },
      "Object3": {
        "name": "Object3",
        "points": [
          [
            197,
            295
          ],
          [
            199,
            191
          ],
          [
            302,
            190
          ],
          [
            303,
            297
          ]
        ],
        "width": 5,
        "innerColor": "green",
        "density": 0,
        "elasticity": "0.5",
        "friction": "0.5",
        "type": "Container"
      },
      "Object2": {
        "name": "Object2",
        "position": [
          85,
          444
        ],
        "radius": 24.839484696748443,
        "color": "blue",
        "density": "1",
        "elasticity": "0.5",
        "friction": "0.5",
        "type": "Ball"
      },
      "Object5": {
        "name": "Object5",
        "polys": [
          [
            [
              85,
              327
            ],
            [
              142,
              325
            ],
            [
              140,
              286
            ]
          ],
          [
            [
              85,
              327
            ],
            [
              140,
              286
            ],
            [
              12,
              291
            ]
          ],
          [
            [
              10,
              413
            ],
            [
              85,
              327
            ],
            [
              12,
              291
            ]
          ]
        ],
        "color": "black",
        "density": 0,
        "elasticity": "0.5",
        "friction": "0.5",
        "type": "Compound"
      },
      "Object6": {
        "name": "Object6",
        "vertices": [
          [
            153,
            335
          ],
          [
            179,
            335
          ],
          [
            179,
            218
          ],
          [
            153,
            218
          ]
        ],
        "density": "1",
        "elasticity": "0.5",
        "friction": "0.5",
        "color": "blue",
        "type": "Poly"
      },
      "_LeftWall": {
        "name": "_LeftWall",
        "vertices": [
          [
            -1,
            -1
          ],
          [
            -1,
            601
          ],
          [
            1,
            601
          ],
          [
            1,
            -1
          ]
        ],
        "density": 0,
        "elasticity": "0.5",
        "friction": "0.5",
        "color": "black",
        "type": "Poly"
      },
      "_BottomWall": {
        "name": "_BottomWall",
        "vertices": [
          [
            -1,
            -1
          ],
          [
            -1,
            1
          ],
          [
            601,
            1
          ],
          [
            601,
            -1
          ]
        ],
        "density": 0,
        "elasticity": "0.5",
        "friction": "0.5",
        "color": "black",
        "type": "Poly"
      },
      "_TopWall": {
        "name": "_TopWall",